<?xml version="1.0" encoding="utf-8"?>
<!DOCTYPE mapper
        PUBLIC "-//mybatis.org//DTD Mapper 3.0//EN"
        "http://mybatis.org/dtd/mybatis-3-mapper.dtd">
<!--当前xml 对应的接口-->
<mapper namespace="com.hr.dao.EmployeeDao">
    <resultMap id="employee" type="com.hr.entity.Employee">
        <result column="id" property="id"></result>
        <result column="employee_number" property="employeeNumber"></result>
        <result column="name" property="name"></result>
        <result column="gender" property="gender"></result>
        <result column="birthday" property="birthday"></result>
        <result column="telephone" property="telephone"></result>
        <result column="email" property="email"></result>
        <result column="address" property="address"></result>
        <result column="photo" property="photo"></result>
        <result column="education" property="education"></result>
        <result column="department_number" property="departmentNumber"></result>
        <result column="position_number" property="positionNumber"></result>
        <result column="in_time" property="inTime"></result>
        <result column="password" property="password"></result>
        <result column="notes" property="notes"></result>
    </resultMap>
    <!--根据用户编号查找用户-->
    <select id="findByNumber" resultMap="employee">
        select  * from employee where employee_number=#{number}
   </select>


    <select id="findLevel" resultType="com.hr.vo.EmployeePositionVO">
    select level from employee e join position p on
            e.position_number=p.position_number
               where e.employee_number = #{number};
   </select>

    <!--根据用户名查找用户-->
    <select id="findByEmployeeName" resultMap="employee">
              select * from employee where name=#{input}
        </select>

    <!--查找部门名称-->
    <select id="findDepartmentName" resultType="java.lang.String">
    select d.name from employee e join department d on
    e.department_number=d.department_number
    where e.employee_number = #{number};
</select>
    <!--查找职位名称-->
    <select id="findPositionName" resultType="java.lang.String">
    select p.name from employee e join position p on
    e.position_number=p.position_number
    where e.employee_number = #{number};
</select>
    <!--查找员工名称-->
    <select id="findEmployeeName" resultType="java.lang.String">
    select name from employee where employee_number=#{number}
</select>

    <select id="findAll" resultMap="employee">
    select  * from employee
</select>
</mapper>