<?xml version="1.0" encoding="utf-8"?>
<!DOCTYPE mapper
        PUBLIC "-//mybatis.org//DTD Mapper 3.0//EN"
        "http://mybatis.org/dtd/mybatis-3-mapper.dtd">
<!--当前xml 对应的接口-->
<mapper namespace="com.hr.dao.LeaveDao">
    <select id="findAllLeave" resultType="com.hr.entity.Leave">
    select * from lea;
</select>

    <!--查看已经批准-->
    <select id="findYes" resultType="com.hr.entity.Leave">
        select  * from lea where status='已批准'
    </select>
    <select id="findByEmployeeNumber" resultType="com.hr.entity.Leave">
    select * from lea where employee_number=#{number}
</select>

    <insert id="insert">
        insert into lea(employee_number,department_number,start_time,end_time,
        days,reason,type,manager,status,notes)
        values
        (#{employeeNumber},#{departmentNumber},#{startTime},#{endTime},
        #{days},#{reason},#{type},#{manager},#{status},#{notes})
    </insert>


</mapper>